<?xml version='1.0' encoding='UTF-8'?>
<faces-config version="2.2"
              xmlns="http://xmlns.jcp.org/xml/ns/javaee"
              xmlns:xsi="http://www.w3.org/2001/XMLSchema-instance"
              xsi:schemaLocation="http://xmlns.jcp.org/xml/ns/javaee http://xmlns.jcp.org/xml/ns/javaee/web-facesconfig_2_2.xsd">
    
    
<navigation-rule>
    <from-view-id>index.xhtml</from-view-id>
    <navigation-case>
        <from-action>#{navega.tienda}</from-action>
        <from-outcome>paginaSiguiente</from-outcome>
        <to-view-id>tienda/tienda.xhtml</to-view-id>
        <redirect></redirect>
    </navigation-case>
</navigation-rule>

<navigation-rule>
    <from-view-id>tienda/tienda.xhtml</from-view-id>
    <navigation-case>
        <from-action>#{navega.gg}</from-action>
        <from-outcome>paginaSiguiente</from-outcome>
        <to-view-id>tienda/gg.xhtml</to-view-id>
    </navigation-case>
    <navigation-case>
        <from-action>#{navega.bg}</from-action>
        <from-outcome>paginaSiguiente</from-outcome>
        <to-view-id>tienda/bg.xhtml</to-view-id>
    </navigation-case>
</navigation-rule>

<navigation-rule>
    <from-view-id>tienda/bg.xhtml</from-view-id>
    <navigation-case>
        <from-action>#{navega.txt}</from-action>
        <from-outcome>paginaSiguiente</from-outcome>
        <to-view-id>boys/txt.xhtml</to-view-id>
    </navigation-case>
    <navigation-case>
        <from-action>#{navega.bts}</from-action>
        <from-outcome>paginaSiguiente</from-outcome>
        <to-view-id>boys/bts.xhtml</to-view-id>
    </navigation-case>
    <navigation-case>
        <from-action>#{navega.skz}</from-action>
        <from-outcome>paginaSiguiente</from-outcome>
        <to-view-id>boys/skz.xhtml</to-view-id>
    </navigation-case>
    <navigation-case>
        <from-action>#{navega.indice}</from-action>
        <from-outcome>paginaSiguiente</from-outcome>
        <to-view-id>index.xhtml</to-view-id>
    </navigation-case>
    <navigation-case>
        <from-action>#{navega.gg}</from-action>
        <from-outcome>paginaSiguiente</from-outcome>
        <to-view-id>tienda/gg.xhtml</to-view-id>
    </navigation-case>
    <navigation-case>
        <from-action>#{navega.carrito}</from-action>
        <from-outcome>paginaSiguiente</from-outcome>
        <to-view-id>tienda/carrito.xhtml</to-view-id>
    </navigation-case>
</navigation-rule>

<navigation-rule>
    <from-view-id>tienda/gg.xhtml</from-view-id>
    <navigation-case>
        <from-action>#{navega.blackpink}</from-action>
        <from-outcome>paginaSiguiente</from-outcome>
        <to-view-id>girls/blackpink.xhtml</to-view-id>
    </navigation-case>
    <navigation-case>
        <from-action>#{navega.illit}</from-action>
        <from-outcome>paginaSiguiente</from-outcome>
        <to-view-id>girls/illit.xhtml</to-view-id>
    </navigation-case>
    <navigation-case>
        <from-action>#{navega.itzy}</from-action>
        <from-outcome>paginaSiguiente</from-outcome>
        <to-view-id>girls/itzy.xhtml</to-view-id>
    </navigation-case>
    <navigation-case>
        <from-action>#{navega.indice}</from-action>
        <from-outcome>paginaSiguiente</from-outcome>
        <to-view-id>index.xhtml</to-view-id>
    </navigation-case>
        <navigation-case>
        <from-action>#{navega.bg}</from-action>
        <from-outcome>paginaSiguiente</from-outcome>
        <to-view-id>tienda/bg.xhtml</to-view-id>
    </navigation-case>
    <navigation-case>
        <from-action>#{navega.carrito}</from-action>
        <from-outcome>paginaSiguiente</from-outcome>
        <to-view-id>tienda/carrito.xhtml</to-view-id>
    </navigation-case>
</navigation-rule>
<navigation-rule>
    <from-view-id>tienda/carrito.xhtml</from-view-id>
    <navigation-case>
        <from-action>#{navega.facturacion}</from-action>
        <from-outcome>paginaSiguiente</from-outcome>
        <to-view-id>tienda/facturacion.xhtml</to-view-id>
    </navigation-case>
    <navigation-case>
        <from-action>#{navega.tienda}</from-action>
        <from-outcome>paginaSiguiente</from-outcome>
        <to-view-id>tienda/tienda.xhtml</to-view-id>
    </navigation-case>
</navigation-rule>
</faces-config>
