<?xml version='1.0' encoding='UTF-8'?>
<faces-config version="2.2"
              xmlns="http://xmlns.jcp.org/xml/ns/javaee"
              xmlns:xsi="http://www.w3.org/2001/XMLSchema-instance"
              xsi:schemaLocation="http://xmlns.jcp.org/xml/ns/javaee http://xmlns.jcp.org/xml/ns/javaee/web-facesconfig_2_2.xsd">
    
    
    <navigation-rule>
        <from-view-id>index.xhtml</from-view-id>
        <navigation-case>
            <from-action>#{navega.productos}</from-action>
            <from-outcome>paginaSiguiente</from-outcome>
            <to-view-id>productos.xhtml</to-view-id>
        </navigation-case>
        <navigation-case>
            <from-action>#{navega.clientes}</from-action>
            <from-outcome>paginaSiguiente</from-outcome>
            <to-view-id>clientes.xhtml</to-view-id>
        </navigation-case>
        <navigation-case>
            <from-action>#{navega.carrito}</from-action>
            <from-outcome>paginaSiguiente</from-outcome>
            <to-view-id>carrito.xhtml</to-view-id>
        </navigation-case>
    </navigation-rule>

</faces-config>
